{
    "2": {
        "0.0": [
            0.678881118285044,
            0.011908080542371231
        ],
        "0.25": [
            0.7171525230906926,
            0.011290465181551123
        ],
        "0.5": [
            0.7362496631664555,
            0.006669685771589941
        ],
        "0.75": [
            0.799489715747886,
            0.012375712899799557
        ],
        "1.0": [
            0.9999999999999999,
            1.4686870114880517e-16
        ]
    },
    "3": {
        "0.0": [
            0.6959362665464169,
            0.00419214066380891
        ],
        "0.25": [
            0.7088857591138957,
            0.005398466285757808
        ],
        "0.5": [
            0.7546204943740547,
            0.01712124209712441
        ],
        "0.75": [
            0.8160881744640267,
            0.01577192127135579
        ],
        "1.0": [
            1.0,
            0.0
        ]
    },
    "4": {
        "0.0": [
            0.6851094994652001,
            0.01392856106902262
        ],
        "0.25": [
            0.7160548209032274,
            0.011216064538962312
        ],
        "0.5": [
            0.7516944482802672,
            0.014880960572319867
        ],
        "0.75": [
            0.8183449915601995,
            0.0035207373483258178
        ],
        "1.0": [
            1.0,
            5.551115123125783e-17
        ]
    },
    "5": {
        "0.0": [
            0.6901415346921949,
            0.01756602605698706
        ],
        "0.25": [
            0.7269592449120433,
            0.016118480141902473
        ],
        "0.5": [
            0.7728078958905389,
            0.004311506420588333
        ],
        "0.75": [
            0.821740562750811,
            0.004037340325624784
        ],
        "1.0": [
            1.0,
            0.0
        ]
    },
    "6": {
        "0.0": [
            0.6856271961697581,
            0.010944037099375805
        ],
        "0.25": [
            0.7291855121356571,
            0.011755950192599254
        ],
        "0.5": [
            0.7713042130470452,
            0.006196453193208975
        ],
        "0.75": [
            0.8290963456570507,
            0.0051639541039258195
        ],
        "1.0": [
            1.0,
            5.551115123125783e-17
        ]
    }
}