{
    "2": {
        "0.0": [
            0.412603605549109,
            0.0075136107002825294
        ],
        "0.25": [
            0.38317408425604826,
            0.007445217450605656
        ],
        "0.5": [
            0.3717228539211,
            0.01588285339168054
        ],
        "0.75": [
            0.4980200791816487,
            0.014163328231239445
        ],
        "1.0": [
            1.0,
            0.0
        ]
    },
    "3": {
        "0.0": [
            0.42375751541075685,
            0.008784678011315127
        ],
        "0.25": [
            0.3881380127671289,
            0.0034259189648732
        ],
        "0.5": [
            0.40549500214256046,
            0.006855844723485392
        ],
        "0.75": [
            0.6381962624762443,
            0.020077038405952426
        ],
        "1.0": [
            1.0,
            0.0
        ]
    }
}