{
    "2": {
        "0.0": [
            0.80965,
            0.0022597013076953248
        ],
        "0.25": [
            0.8084,
            0.003716517186829656
        ],
        "0.5": [
            0.8060875,
            0.003232911806715414
        ],
        "0.75": [
            0.8062,
            0.0007373940601876404
        ],
        "1.0": [
            0.8029999999999999,
            0.0016431676725154828
        ]
    },
    "3": {
        "0.0": [
            0.8119666666666667,
            0.0030232432915661776
        ],
        "0.25": [
            0.8068666666666666,
            0.0012786711852544208
        ],
        "0.5": [
            0.8031833333333334,
            0.0028265113951064006
        ],
        "0.75": [
            0.806,
            0.002794935896700802
        ],
        "1.0": [
            0.8025500000000001,
            0.00404814772457724
        ]
    },
    "4": {
        "0.0": [
            0.813425,
            0.002006785364706439
        ],
        "0.25": [
            0.8035812499999999,
            0.0027144506235148177
        ],
        "0.5": [
            0.8066562500000001,
            0.004973378347511897
        ],
        "0.75": [
            0.80381875,
            0.004828670074409713
        ],
        "1.0": [
            0.8012,
            0.0063890531379853215
        ]
    },
    "5": {
        "0.0": [
            0.8111849999999999,
            0.0020864982626400564
        ],
        "0.25": [
            0.8013250000000001,
            0.0021237408033938214
        ],
        "0.5": [
            0.806535,
            0.002373999789384975
        ],
        "0.75": [
            0.803555,
            0.0030914519242582514
        ],
        "1.0": [
            0.80105,
            0.004072775466435652
        ]
    },
    "6": {
        "0.0": [
            0.8153458333333333,
            0.000858242309089408
        ],
        "0.25": [
            0.8014916666666667,
            0.003351709762693265
        ],
        "0.5": [
            0.8025166666666668,
            0.002241558237774231
        ],
        "0.75": [
            0.8057666666666666,
            0.002166698717711639
        ],
        "1.0": [
            0.7982499999999999,
            0.005146600819958744
        ]
    }
}