{
    "baseline": {
        "2": [
            0.9531249999999998,
            0.009164298936634532
        ],
        "3": [
            0.9612499999999999,
            0.007395099728874548
        ],
        "4": [
            0.960625,
            0.006091746465505644
        ]
    },
    "vbranch": {
        "2": {
            "0": [
                0.9509375,
                0.007899515412352804
            ],
            "0.25": [
                0.9503125,
                0.011688502630790657
            ],
            "0.5": [
                0.9459374999999999,
                0.004990224819584783
            ],
            "0.75": [
                0.9521875,
                0.0072281459413877135
            ],
            "1": [
                0.9524999999999999,
                0.007603453162872704
            ]
        },
        "3": {
            "0": [
                0.9571874999999999,
                0.004227421643271375
            ],
            "0.25": [
                0.9537499999999999,
                0.006123724356957942
            ],
            "0.5": [
                0.955,
                0.010077822185373168
            ],
            "0.75": [
                0.9575,
                0.006250000000000017
            ],
            "1": [
                0.9553125,
                0.008425917976695504
            ]
        },
        "4": {
            "0": [
                0.9640624999999998,
                0.005719689130538543
            ],
            "0.25": [
                0.9553124999999998,
                0.006665852814906734
            ],
            "0.5": [
                0.95875,
                0.006373774391990987
            ],
            "0.75": [
                0.9621875,
                0.009797759629119298
            ],
            "1": [
                0.9612499999999999,
                0.007603453162872759
            ]
        }
    }
}