{
    "baseline": [
        0.9506249999999998,
        0.007577722283113885
    ],
    "vbranch": {
        "2": {
            "0": [
                0.96875,
                0.0012499999999999734
            ],
            "0.25": [
                0.96,
                0.007288689868556613
            ],
            "0.5": [
                0.9568749999999999,
                0.009078649403958663
            ],
            "0.75": [
                0.95625,
                0.00414578098794417
            ],
            "1": [
                0.9431249999999999,
                0.009416574483324556
            ]
        },
        "3": {
            "0": [
                0.9681249999999999,
                0.0073686413265947525
            ],
            "0.25": [
                0.9668749999999998,
                0.005694020986965297
            ],
            "0.5": [
                0.955,
                0.0030618621784790434
            ],
            "0.75": [
                0.9549999999999998,
                0.003952847075210583
            ],
            "1": [
                0.9293750000000001,
                0.013621559198564611
            ]
        }
    }
}