,acc_1,acc_2,acc_3,acc_4,acc_5,after_mean_acc,before_mean_acc,model_id_1,model_id_2,model_id_3,model_id_4,model_id_5
0,0.98331,0.98354,0.98397,0.98374,0.98352,0.98867,0.98886,1.0,3.0,5.0,6.0,8.0
1,0.98354,0.98397,0.98374,0.98388,0.98352,0.98873,0.98875,3.0,5.0,6.0,7.0,8.0
2,0.98331,0.98449,0.98354,0.98397,0.98388,0.98878,0.9889,1.0,2.0,3.0,5.0,7.0
3,0.98449,0.98354,0.98397,0.98388,0.98352,0.98873,0.98878,2.0,3.0,5.0,7.0,8.0
4,0.98331,0.98449,0.98354,0.9835,0.98388,0.98878,0.9888,1.0,2.0,3.0,4.0,7.0
5,0.98331,0.98449,0.98397,0.98374,0.98388,0.98883,0.98891,1.0,2.0,5.0,6.0,7.0
6,0.98331,0.98449,0.98374,0.98388,0.98352,0.98876,0.9888,1.0,2.0,6.0,7.0,8.0
7,0.98331,0.98397,0.98374,0.98388,0.98352,0.98872,0.98881,1.0,5.0,6.0,7.0,8.0
