,acc_1,acc_2,acc_3,acc_4,acc_5,after_mean_acc,before_mean_acc,model_id_1,model_id_2,model_id_3,model_id_4,model_id_5
0,0.3892625,0.379375,0.386075,0.39655,0.3846,0.702175,0.780225,5,3,1,6,8
0,0.3962375,0.3776625,0.3892625,0.3846,0.3925625,0.701025,0.7787375,7,4,5,8,2
0,0.3776625,0.379375,0.3925625,0.3846,0.3892625,0.6984375,0.7785375,4,3,2,8,5
0,0.39655,0.3962375,0.3925625,0.379375,0.3892625,0.705525,0.78265,6,7,2,3,5
0,0.379375,0.3962375,0.3925625,0.3846,0.3892625,0.701075,0.779625,3,7,2,8,5
0,0.386075,0.3962375,0.3846,0.3925625,0.3892625,0.7040375,0.782175,1,7,8,2,5
0,0.39655,0.3962375,0.3892625,0.3846,0.3776625,0.7028375,0.7788875,6,7,5,8,4
0,0.3892625,0.3962375,0.379375,0.3846,0.39655,0.7028625,0.7799625,5,7,3,8,6
