{
    "baseline": [
        0.9218749999999999,
        0.0010825317547307177
    ],
    "vbranch": {
        "4": {
            "0": [
                0.9437499999999999,
                0.005448623679425732
            ],
            "0.25": [
                0.9362499999999999,
                0.0012499999999999734
            ],
            "0.5": [
                0.9418749999999998,
                0.004098399077688583
            ],
            "0.75": [
                0.9293749999999998,
                0.006931585316505969
            ],
            "1": [
                0.9431249999999999,
                0.007781187248742884
            ]
        }
    }
}