{
    "vbranch": {
        "2": {
            "0": [
                0.844975009560585,
                0.0036113416968363743
            ],
            "0.25": [
                0.8462499976158142,
                0.001436144479970203
            ],
            "0.5": [
                0.8427750021219254,
                0.002620468558361172
            ],
            "0.75": [
                0.8377750068902969,
                0.001171266252823198
            ],
            "1": [
                0.8358249813318253,
                0.0031491025651140224
            ]
        }
    }
}