{
    "2": {
        "0.0": [
            0.41375334111309703,
            0.0057916204583982386
        ],
        "0.25": [
            0.4225815382645522,
            0.011876562869647332
        ],
        "0.5": [
            0.4265933120220139,
            0.0035050634554809395
        ],
        "0.75": [
            0.6017596275838499,
            0.009954841768367554
        ],
        "1.0": [
            0.9999999999999999,
            1.1102230246251565e-16
        ]
    }
}