{
    "2": {
        "0.0": [
            0.648775,
            0.0025871074581470662
        ],
        "0.25": [
            0.6513125,
            0.0026843004209663136
        ],
        "0.5": [
            0.6474125000000001,
            0.006283845856639072
        ],
        "0.75": [
            0.66055,
            0.002912473175842123
        ],
        "1.0": [
            0.6716,
            0.00630079360080932
        ]
    }
}