,train_acc_1,train_acc_2,train_acc_ensemble,train_loss_1,train_loss_2,val_acc_1,val_acc_2,val_acc_ensemble,val_loss_1,val_loss_2
0,0.6875,0.71875,0.40625,2.906371831893921,2.9167630672454834,0.7358750104904175,0.7337499856948853,0.8269000053405762,2.6106984615325928,2.60752272605896
1,0.875,0.84375,0.4375,2.3430275917053223,2.3533623218536377,0.9142000079154968,0.9132999777793884,0.9485499858856201,1.6958004236221313,1.692626953125
2,0.84375,1.0,0.15625,2.138947010040283,1.3117907047271729,0.948074996471405,0.9481750130653381,0.9684249758720398,1.313461184501648,1.309104323387146
3,0.875,0.875,0.3125,2.0299878120422363,1.9205684661865234,0.956974983215332,0.9588249921798706,0.972599983215332,1.112288475036621,1.1039894819259644
4,0.96875,0.875,0.59375,1.4548354148864746,1.8428328037261963,0.958299994468689,0.9595249891281128,0.9725250005722046,1.001104712486267,0.9932869076728821
5,0.84375,1.0,0.15625,1.742143988609314,0.8551051020622253,0.9595999717712402,0.9606750011444092,0.9729250073432922,0.9108308553695679,0.908791184425354
6,1.0,0.96875,0.53125,0.8526589274406433,0.9939606785774231,0.960099995136261,0.9603250026702881,0.9719499945640564,0.8429045081138611,0.844275712966919
7,1.0,1.0,0.46875,0.6137623190879822,0.6349812746047974,0.9598000049591064,0.960224986076355,0.9717749953269958,0.7913520336151123,0.8029266595840454
8,1.0,1.0,0.5,0.6091597080230713,0.511104941368103,0.9592249989509583,0.9585999846458435,0.9705250263214111,0.763846755027771,0.7757378816604614
9,0.96875,1.0,0.5625,0.6722515821456909,0.5527578592300415,0.9575250148773193,0.9566249847412109,0.9698749780654907,0.7432613968849182,0.7518917322158813
10,1.0,0.96875,0.4375,0.3906770348548889,0.5767473578453064,0.954800009727478,0.9558249711990356,0.9680500030517578,0.731515645980835,0.7334731817245483
11,1.0,1.0,0.5625,0.3086940050125122,0.3408869802951813,0.9535499811172485,0.9541500210762024,0.9672250151634216,0.7160044312477112,0.7206335067749023
12,1.0,1.0,0.34375,0.415006160736084,0.27325862646102905,0.9516249895095825,0.953125,0.9663500189781189,0.7072640061378479,0.7057738304138184
13,1.0,1.0,0.4375,0.43298131227493286,0.22993546724319458,0.9498000144958496,0.9508000016212463,0.9648500084877014,0.699165940284729,0.6999310851097107
14,1.0,1.0,0.65625,0.3269028067588806,0.30096420645713806,0.9492250084877014,0.949999988079071,0.9642999768257141,0.682561993598938,0.690011203289032
