,acc_1,acc_2,acc_3,acc_4,acc_5,acc_6,after_mean_acc,before_mean_acc,model_id_1,model_id_2,model_id_3,model_id_4,model_id_5,model_id_6
0,0.386075,0.3776625,0.39655,0.3846,0.3962375,0.379375,0.7278125,0.800975,1,4,6,8,7,3
0,0.3925625,0.39655,0.3892625,0.379375,0.3776625,0.386075,0.73025,0.803775,2,6,5,3,4,1
0,0.3962375,0.3776625,0.39655,0.386075,0.379375,0.3892625,0.7304125,0.803175,7,4,6,1,3,5
0,0.379375,0.3846,0.386075,0.3776625,0.3962375,0.39655,0.7278125,0.800975,3,8,1,4,7,6
0,0.3776625,0.386075,0.3962375,0.3846,0.3892625,0.3925625,0.7288625,0.8026625,4,1,7,8,5,2
0,0.3892625,0.39655,0.379375,0.3776625,0.3962375,0.386075,0.7304125,0.803175,5,6,3,4,7,1
0,0.379375,0.3776625,0.3962375,0.386075,0.39655,0.3892625,0.7304125,0.803175,3,4,7,1,6,5
0,0.3846,0.39655,0.379375,0.3892625,0.386075,0.3925625,0.7312125,0.804325,8,6,3,5,1,2
