,concat_acc,mean_acc
0,0.8600000000000001,0.8524999999999998
,concat_acc,mean_acc
0,0.8574999999999999,0.8299999999999998
,concat_acc,mean_acc
0,0.8575000000000002,0.8324999999999999
,concat_acc,mean_acc
0,0.865,0.8475000000000001
,concat_acc,mean_acc
0,0.8550000000000002,0.82
,concat_acc,mean_acc
0,0.8474999999999999,0.8450000000000001
,concat_acc,mean_acc
0,0.8675,0.8274999999999999
,concat_acc,mean_acc
0,0.875,0.8400000000000001
