,acc_1,acc_2,acc_3,acc_4,after_mean_acc,before_mean_acc,model_id_1,model_id_2,model_id_3,model_id_4
0,0.610825,0.6154,0.617925,0.61410624,0.8175188,0.84075624,2.0,4.0,5.0,7.0
1,0.610825,0.6154,0.617925,0.61410624,0.8175188,0.84075624,2.0,4.0,5.0,7.0
2,0.614275,0.6231375,0.617925,0.61410624,0.8181625,0.8415375,1.0,3.0,5.0,7.0
3,0.610825,0.6231375,0.6190562,0.61410624,0.818,0.84115,2.0,3.0,6.0,7.0
4,0.610825,0.6154,0.61410624,0.6132563,0.81631875,0.83803123,2.0,4.0,7.0,8.0
5,0.614275,0.6190562,0.61410624,0.6132563,0.81759375,0.83901876,1.0,6.0,7.0,8.0
6,0.610825,0.6154,0.617925,0.61410624,0.8175188,0.84075624,2.0,4.0,5.0,7.0
7,0.614275,0.6154,0.617925,0.6190562,0.8187562,0.84119374,1.0,4.0,5.0,6.0
