,train_acc_1,train_acc_2,train_acc_ensemble,train_loss_1,train_loss_2,val_acc_1,val_acc_2,val_acc_ensemble,val_loss_1,val_loss_2
0,0.90625,0.90625,0.34375,1.9671791791915894,1.6370307207107544,0.9548500180244446,0.9497500061988831,0.9648500084877014,1.1553875207901,1.1797478199005127
1,0.96875,1.0,0.5625,1.0858057737350464,1.3047361373901367,0.9834499955177307,0.9752500057220459,0.9833999872207642,0.6765667200088501,0.7075912952423096
2,0.96875,0.9375,0.59375,0.919563889503479,1.1499652862548828,0.9853000044822693,0.9767000079154968,0.9850500226020813,0.5068765878677368,0.541907012462616
3,1.0,1.0,0.53125,0.4844174087047577,0.7622736692428589,0.9851499795913696,0.9768000245094299,0.9855499863624573,0.4149647355079651,0.4564741551876068
4,0.96875,1.0,0.53125,0.5683205127716064,0.8520505428314209,0.9853000044822693,0.9766499996185303,0.9857000112533569,0.36934414505958557,0.41261357069015503
5,1.0,0.96875,0.6875,0.3619624972343445,0.8317387104034424,0.9851999878883362,0.9764999747276306,0.98580002784729,0.33655232191085815,0.37938418984413147
6,0.9375,0.96875,0.25,0.8893630504608154,0.5824624300003052,0.9853500127792358,0.9761999845504761,0.9857500195503235,0.310319721698761,0.35439354181289673
7,1.0,1.0,0.375,0.49722820520401,0.4365600645542145,0.9852499961853027,0.9757500290870667,0.9858499765396118,0.293290376663208,0.34037771821022034
8,1.0,1.0,0.5,0.37618106603622437,0.34894225001335144,0.9851999878883362,0.975350022315979,0.9861999750137329,0.28186890482902527,0.3294491469860077
9,1.0,1.0,0.71875,0.2085844725370407,0.3294987082481384,0.9844499826431274,0.9754999876022339,0.9858499765396118,0.27820563316345215,0.32335782051086426
10,1.0,1.0,0.59375,0.31880685687065125,0.3639862835407257,0.9847000241279602,0.9749000072479248,0.9856500029563904,0.26909634470939636,0.3137814700603485
11,1.0,1.0,0.5,0.22227728366851807,0.2443637251853943,0.9841499924659729,0.9748499989509583,0.9850500226020813,0.2623278498649597,0.30423739552497864
12,1.0,0.96875,0.59375,0.3039451539516449,0.4299001693725586,0.9835000038146973,0.974399983882904,0.9851499795913696,0.2580302357673645,0.3003903925418854
13,1.0,1.0,0.46875,0.14348499476909637,0.16353967785835266,0.984000027179718,0.9742500185966492,0.9850999712944031,0.2537213861942291,0.296487957239151
14,1.0,1.0,0.375,0.2942901849746704,0.1764034777879715,0.9834499955177307,0.9742000102996826,0.985450029373169,0.2507142722606659,0.29172244668006897
