,acc_1,acc_2,acc_3,after_mean_acc,before_mean_acc,model_id_1,model_id_2,model_id_3
0,0.7663375,0.753425,0.760325,0.873475,0.8902125,8,4,3
0,0.7655125,0.760325,0.75615,0.873225,0.8908375,1,3,7
0,0.7663375,0.760325,0.753425,0.873475,0.8902125,8,3,4
0,0.75115,0.75615,0.760325,0.8714875,0.8907125,2,7,3
0,0.7655125,0.7663375,0.7557125,0.875725,0.893125,1,8,6
0,0.75115,0.764875,0.753425,0.8711,0.8895625,2,5,4
0,0.760325,0.7663375,0.764875,0.87505,0.891275,3,8,5
0,0.75115,0.7557125,0.753425,0.872925,0.891,2,6,4
