,acc_1,acc_2,acc_3,acc_4,after_mean_acc,before_mean_acc,model_id_1,model_id_2,model_id_3,model_id_4
0,0.75115,0.764875,0.7557125,0.753425,0.8906125,0.904425,2,5,6,4
0,0.75115,0.7663375,0.7655125,0.760325,0.8925125,0.9054375,2,8,1,3
0,0.753425,0.764875,0.7655125,0.75115,0.8893,0.9033375,4,5,1,2
0,0.75615,0.7663375,0.75115,0.7655125,0.889475,0.9038375,7,8,2,1
0,0.75615,0.764875,0.753425,0.7663375,0.8898625,0.9042,7,5,4,8
0,0.760325,0.75115,0.7557125,0.7655125,0.8923375,0.9064875,3,2,6,1
0,0.764875,0.760325,0.753425,0.7655125,0.8896875,0.9040375,5,3,4,1
0,0.75615,0.75115,0.7655125,0.753425,0.8884875,0.9029625,7,2,1,4
