,acc_1,acc_2,acc_3,acc_4,acc_5,after_mean_acc,before_mean_acc,model_id_1,model_id_2,model_id_3,model_id_4,model_id_5
0,0.764875,0.7655125,0.75115,0.7663375,0.760325,0.90265,0.9127375,5,1,2,8,3
0,0.75115,0.7557125,0.764875,0.760325,0.7655125,0.90275,0.91305,2,6,5,3,1
0,0.764875,0.7663375,0.75615,0.7655125,0.75115,0.9006875,0.9126,5,8,7,1,2
0,0.760325,0.753425,0.7557125,0.7663375,0.75615,0.902325,0.914225,3,4,6,8,7
0,0.764875,0.75615,0.753425,0.760325,0.75115,0.900275,0.9120625,5,7,4,3,2
0,0.7663375,0.75115,0.753425,0.75615,0.7655125,0.900125,0.912175,8,2,4,7,1
0,0.75615,0.753425,0.760325,0.75115,0.7557125,0.9021125,0.9134125,7,4,3,2,6
0,0.75615,0.7655125,0.7663375,0.7557125,0.75115,0.901675,0.9128125,7,1,8,6,2
