{"baseline": {"0.01": {"32": [0.8940749913454056, 0.0013699900697393607]}, "0.05": {"32": [0.9336124956607819, 0.0009019872587804586]}, "0.1": {"32": [0.9468874931335449, 0.0022991406349216125]}, "0.2": {"32": [0.9485999941825867, 0.002322709944152151]}}, "ensemble": {"0.01": {"32": {"2": [0.896725, 0.0011551515052148095], "3": [0.8974875000000001, 0.001055269515337213], "4": [0.8979874999999999, 0.0006009107670861005], "5": [0.8979250000000001, 0.0004918078893226248], "6": [0.8976875, 0.00043714271125114664]}}, "0.05": {"32": {"2": [0.9343875000000001, 0.0004935521755599899], "3": [0.93485, 0.0009192388155425148], "4": [0.9350500000000002, 0.0003840572873934387], "5": [0.9352125, 0.0005441449714919744], "6": [0.9356, 0.00019999999999997797]}}, "0.1": {"32": {"2": [0.9496625, 0.0008107673834090549], "3": [0.9509375, 0.0008915401000515985], "4": [0.9510875, 0.0004702060718450943], "5": [0.951175, 0.0004023369234857784], "6": [0.9511875, 0.0004399928976699712]}}, "0.2": {"32": {"2": [0.9532999999999997, 0.0006538348415311118], "3": [0.9545625, 0.0007244610065420752], "4": [0.9552374999999999, 0.0006142831187652857], "5": [0.9557000000000001, 0.0005744562646538024], "6": [0.9556125000000002, 0.00044843477786630256]}}}, "vbranch": {"0.01": {"32": {"2": {"0": [0.8976750075817108, 0.0004145750078952137], "0.25": [0.8966749906539917, 0.001490595446622168], "0.5": [0.8953000009059906, 0.001063000334702401], "0.75": [0.8944999873638153, 0.0010271311817821123], "1": [0.8929499983787537, 0.0014221485974683853]}, "3": {"0": [0.8983249962329865, 0.0010732395029690932], "0.25": [0.8973999917507172, 0.0007582777819295516], "0.5": [0.8945250064134598, 0.0011121340670605607], "0.75": [0.893750011920929, 0.001622511074236695], "1": [0.8934750109910965, 0.0008982632125001557]}, "4": {"0": [0.8995250016450882, 0.001693194994208464], "0.25": [0.8985749930143356, 0.0009390843083671884], "0.5": [0.8958750069141388, 0.0009443855307170304], "0.75": [0.8925250172615051, 0.0011691377558040704], "1": [0.8924750089645386, 0.0017795825998037599]}, "5": {"0": [0.9004499912261963, 0.0005315113816307782], "0.25": [0.8985749930143356, 0.00038972734883493476], "0.5": [0.8947249948978424, 0.001497284893250175], "0.75": [0.8929499983787537, 0.0016650895123100063], "1": [0.891275018453598, 0.0009959209182219876]}, "6": {"0": [0.9000249952077866, 0.0009807611724812282], "0.25": [0.8986500203609467, 0.0008902234400324689], "0.5": [0.8954000025987625, 0.0014124322015096917], "0.75": [0.8931249976158142, 0.00043229837608562956], "1": [0.8907250165939331, 0.0006571823872749733]}}}, "0.05": {"32": {"2": {"0": [0.9357000142335892, 0.0011874191719813288], "0.25": [0.9347999840974808, 0.00040619228852301314], "0.5": [0.9338249862194061, 0.0008347896860785639], "0.75": [0.9345249980688095, 0.0008287814529835359], "1": [0.9336999952793121, 0.0004949695787981215]}, "3": {"0": [0.9363500028848647, 0.000820048961750619], "0.25": [0.9356749951839447, 4.330845557307902e-05], "0.5": [0.93367500603199, 0.00034911591246191765], "0.75": [0.9329749941825867, 0.0005673464426204208], "1": [0.9325250089168549, 0.0003699551079630833]}, "4": {"0": [0.93647500872612, 0.00043227941731419274], "0.25": [0.9348500072956085, 0.00033541698543345316], "0.5": [0.9326750040054321, 0.0007084427007649221], "0.75": [0.9325499981641769, 0.0008381504736808488], "1": [0.9316250085830688, 0.0006378670965116686]}, "5": {"0": [0.9363499879837036, 0.0004500150680541992], "0.25": [0.9352250099182129, 0.000562921243535093], "0.5": [0.9333000034093857, 0.0002549465248461855], "0.75": [0.9323499947786331, 0.00040311509058501513], "1": [0.931425005197525, 0.0008954602518837548]}, "6": {"0": [0.9369000047445297, 0.0003674357645329373], "0.25": [0.9353750050067902, 0.0010280365683884144], "0.5": [0.9336000084877014, 0.0008215805135601661], "0.75": [0.9323499947786331, 0.0009447251606577919], "1": [0.9311999976634979, 0.000717631579510825]}}}, "0.1": {"32": {"2": {"0": [0.9522999972105026, 0.0015049840015653796], "0.25": [0.9517750144004822, 0.0013809006020436422], "0.5": [0.9512749910354614, 0.0004602861725415334], "0.75": [0.951200008392334, 0.000764868796679524], "1": [0.9490500092506409, 0.0004555253010274171]}, "3": {"0": [0.9536000043153763, 0.00035354883904761787], "0.25": [0.9530500024557114, 0.0010805291537383875], "0.5": [0.9512000083923339, 0.00039369381120488096], "0.75": [0.9494249820709229, 0.0009679289310476169], "1": [0.9479249864816666, 0.00032692266991535143]}, "4": {"0": [0.9543749988079071, 0.00039608377956677526], "0.25": [0.9519499987363815, 0.0009552535195312238], "0.5": [0.9510499984025955, 0.0008674766802581686], "0.75": [0.9501000046730042, 0.000494984630978549], "1": [0.9483499974012375, 0.0006982158185091507]}, "5": {"0": [0.9545499831438065, 0.0005024896841196261], "0.25": [0.9527750015258789, 0.0007660754440619735], "0.5": [0.949674978852272, 0.0008728572310157563], "0.75": [0.9488999992609024, 0.000927367906738905], "1": [0.9472500085830687, 0.0013124482155045972]}, "6": {"0": [0.9544249922037125, 0.0009175244748192528], "0.25": [0.953000009059906, 0.0012145046829228684], "0.5": [0.9490499943494797, 0.00113248742754103], "0.75": [0.9492999911308289, 0.0006964237138036981], "1": [0.9465249925851822, 0.0009679131511744562]}}}, "0.2": {"32": {"2": {"0": [0.9527500122785568, 0.0004716904566708064], "0.25": [0.9548999965190887, 0.0006164470010099254], "0.5": [0.9526250064373016, 0.0007495684481490519], "0.75": [0.9542750120162964, 0.0002487372171246325], "1": [0.9505250006914139, 0.002503366254237159]}, "3": {"0": [0.9552999883890152, 0.000938073616077597], "0.25": [0.9562749862670898, 0.0007495853455059115], "0.5": [0.9540750086307526, 0.0015237666356806181], "0.75": [0.9533750116825104, 0.0010207301165064912], "1": [0.950999990105629, 0.0006284902245018446]}, "4": {"0": [0.9564750045537949, 0.00031125245986065594], "0.25": [0.9553000032901764, 0.0005243948314619411], "0.5": [0.9543999880552292, 0.0004847715810382169], "0.75": [0.9526749849319458, 0.0006832661431231355], "1": [0.9520749896764755, 0.0005309011630689573]}, "5": {"0": [0.9568749964237213, 0.0007395077566388989], "0.25": [0.9565249979496002, 0.0005356125473630284], "0.5": [0.9527499973773956, 0.00043875649576418486], "0.75": [0.9536250084638596, 0.0009202630676744206], "1": [0.9510000050067902, 0.0009949818157098517]}, "6": {"0": [0.9579499959945679, 0.0008958092822387573], "0.25": [0.9559250026941299, 0.0006977674229951609], "0.5": [0.9537499845027924, 0.0010452296157390838], "0.75": [0.9541999995708466, 0.0007348471955714724], "1": [0.9508499950170517, 0.0007566279501471623]}}}}}