,acc_1,acc_2,acc_3,acc_4,acc_5,after_mean_acc,before_mean_acc,model_id_1,model_id_2,model_id_3,model_id_4,model_id_5
0,0.97705,0.9761,0.9768875,0.9755875,0.9758375,0.9867625,0.9870375,5,8,4,2,1
0,0.9768875,0.97705,0.9755875,0.97595,0.9741125,0.986525,0.986825,4,5,2,3,7
0,0.9761,0.9755875,0.9768875,0.9741125,0.976575,0.9865375,0.9868625,8,2,4,7,6
0,0.976575,0.9768875,0.97705,0.97595,0.9741125,0.9865,0.9868375,6,4,5,3,7
0,0.9758375,0.976575,0.9761,0.9741125,0.97595,0.9864,0.9867125,1,6,8,7,3
0,0.976575,0.9758375,0.9768875,0.9741125,0.97705,0.986525,0.98675,6,1,4,7,5
0,0.9758375,0.976575,0.97705,0.9755875,0.9768875,0.986425,0.98685,1,6,5,2,4
0,0.97595,0.9755875,0.9758375,0.9741125,0.9768875,0.9866625,0.986975,3,2,1,7,4
