{
    "vbranch": {
        "2": {
            "0": [
                0.8256749957799911,
                0.0042381415338679064
            ],
            "0.25": [
                0.8010999858379364,
                0.0025258629297123256
            ],
            "0.5": [
                0.7918750047683716,
                0.00278601249993052
            ],
            "0.75": [
                0.7877999842166901,
                0.0015748017383691157
            ],
            "1": [
                0.7608000040054321,
                0.007266709068901245
            ]
        },
        "3": {
            "0": [
                0.8401250094175339,
                0.0038951061631858773
            ],
            "0.25": [
                0.8148750066757202,
                0.000825765229014646
            ],
            "0.5": [
                0.8130249977111816,
                0.0048401391994372335
            ],
            "0.75": [
                0.8017250001430511,
                0.003298000484573537
            ],
            "1": [
                0.7655249983072281,
                0.0073892937790953385
            ]
        }
    }
}