,acc_1,acc_2,after_mean_acc,before_mean_acc,model_id_1,model_id_2
0,0.99025,0.99025,0.9909375,0.9910625,6.0,7.0
1,0.9906875,0.99075,0.991,0.9910625,1.0,4.0
2,0.99025,0.9901875,0.9910625,0.991125,2.0,3.0
3,0.99025,0.99025,0.9909375,0.9910625,6.0,7.0
4,0.9900625,0.99025,0.990625,0.99075,5.0,6.0
5,0.9906875,0.9896875,0.9911875,0.9910625,1.0,8.0
6,0.9901875,0.9896875,0.990875,0.9909375,3.0,8.0
7,0.9906875,0.9896875,0.9911875,0.9910625,1.0,8.0
