{
    "baseline": {
        "2": [
            0.938125,
            0.005962120008855792
        ],
        "3": [
            0.9474999999999999,
            0.001767766952966331
        ],
        "4": [
            0.9543749999999998,
            0.004463392767839155
        ],
        "5": [
            0.9475,
            0.012869537676233741
        ],
        "6": [
            0.9475,
            0.004677071733467372
        ]
    },
    "vbranch": {
        "2": {
            "0": [
                0.9312499999999999,
                0.008749999999999925
            ],
            "0.25": [
                0.92625,
                0.005448623679425847
            ],
            "0.5": [
                0.92875,
                0.004145780987944253
            ],
            "0.75": [
                0.9225,
                0.007288689868556651
            ],
            "1": [
                0.926875,
                0.00757772228311385
            ]
        },
        "3": {
            "0": [
                0.9318749999999998,
                0.0071534519639121635
            ],
            "0.25": [
                0.9356249999999999,
                0.014072912811497118
            ],
            "0.5": [
                0.9325,
                0.003061862178478998
            ],
            "0.75": [
                0.9381249999999999,
                0.0054126587736527
            ],
            "1": [
                0.934375,
                0.006218671481916309
            ]
        },
        "4": {
            "0": [
                0.9431249999999998,
                0.004800716092417912
            ],
            "0.25": [
                0.9437499999999999,
                0.0062500000000000056
            ],
            "0.5": [
                0.9437499999999996,
                0.0037499999999999756
            ],
            "0.75": [
                0.93625,
                0.005153882032022034
            ],
            "1": [
                0.95,
                0.003952847075210477
            ]
        },
        "5": {
            "0": [
                0.9449999999999997,
                0.0035355339059327407
            ],
            "0.25": [
                0.9556249999999998,
                0.004800716092417868
            ],
            "0.5": [
                0.9424999999999999,
                0.004677071733467341
            ],
            "0.75": [
                0.9406249999999998,
                0.011907849302035953
            ],
            "1": [
                0.94,
                0.00883883476483182
            ]
        },
        "6": {
            "0": [
                0.9475,
                0.005303300858899046
            ],
            "0.25": [
                0.9474999999999999,
                0.010307764064044005
            ],
            "0.5": [
                0.9518749999999998,
                0.0044633927678394344
            ],
            "0.75": [
                0.9406249999999999,
                0.007153451963912183
            ],
            "1": [
                0.93375,
                0.006495190528383247
            ]
        }
    }
}