{
    "vbranch": {
        "2": {
            "0": [
                0.7701750099658966,
                0.0014254409016774864
            ],
            "0.25": [
                0.7650999873876572,
                0.0019455225795678157
            ],
            "0.5": [
                0.7713249921798706,
                0.0020327084608361494
            ],
            "0.75": [
                0.7708999961614609,
                0.004333011358816457
            ],
            "1": [
                0.7735749930143356,
                0.002247642837755558
            ]
        }
    }
}