,acc_1,acc_2,acc_3,acc_4,acc_5,after_mean_acc,before_mean_acc,model_id_1,model_id_2,model_id_3,model_id_4,model_id_5
0,0.482025,0.495175,0.500125,0.478775,0.503025,0.78325,0.831975,8,6,4,2,5
0,0.4763,0.500125,0.495175,0.482025,0.5008,0.782475,0.833225,3,4,6,8,1
0,0.482025,0.495175,0.5008,0.495825,0.503025,0.7872,0.837775,8,6,1,7,5
0,0.478775,0.495825,0.495175,0.5008,0.503025,0.7846,0.834475,2,7,6,1,5
0,0.495825,0.503025,0.5008,0.482025,0.478775,0.78485,0.8347,7,5,1,8,2
0,0.4763,0.495175,0.482025,0.495825,0.5008,0.782075,0.835175,3,6,8,7,1
0,0.495825,0.503025,0.5008,0.500125,0.4763,0.784725,0.834,7,5,1,4,3
0,0.495175,0.478775,0.495825,0.4763,0.482025,0.779775,0.833175,6,2,7,3,8
