,acc_1,acc_2,acc_3,acc_4,acc_5,acc_6,after_mean_acc,before_mean_acc,model_id_1,model_id_2,model_id_3,model_id_4,model_id_5,model_id_6
0,0.503025,0.5008,0.500125,0.478775,0.4763,0.482025,0.80315,0.847575,5,1,4,2,3,8
0,0.5008,0.495175,0.478775,0.503025,0.482025,0.4763,0.801025,0.84755,1,6,2,5,8,3
0,0.478775,0.482025,0.495825,0.500125,0.495175,0.503025,0.80565,0.849225,2,8,7,4,6,5
0,0.500125,0.5008,0.4763,0.495825,0.482025,0.478775,0.8031,0.849075,4,1,3,7,8,2
0,0.5008,0.482025,0.478775,0.503025,0.500125,0.495825,0.80605,0.850425,1,8,2,5,4,7
0,0.495175,0.4763,0.500125,0.482025,0.5008,0.478775,0.80185,0.848575,6,3,4,8,1,2
0,0.5008,0.500125,0.503025,0.482025,0.495825,0.4763,0.8058,0.849675,1,4,5,8,7,3
0,0.500125,0.495825,0.503025,0.4763,0.5008,0.482025,0.8058,0.849675,4,7,5,3,1,8
