,acc_1,acc_2,after_mean_acc,before_mean_acc,model_id_1,model_id_2
0,0.97835,0.978,0.98445,0.9846,1,8
0,0.978,0.9775,0.984,0.9842,8,7
0,0.9748,0.978,0.9838,0.984,5,8
0,0.97835,0.9775,0.9839,0.9839,6,7
0,0.9772,0.9775,0.9839,0.98435,3,7
0,0.9791,0.97835,0.98435,0.98495,2,6
0,0.9772,0.978,0.98385,0.98465,3,8
0,0.978,0.97875,0.98405,0.9845,8,4
