,acc_1,acc_2,acc_3,acc_4,after_mean_acc,before_mean_acc,model_id_1,model_id_2,model_id_3,model_id_4
0,0.9748,0.9791,0.97835,0.97835,0.987,0.9867,5,2,6,1
0,0.9772,0.97835,0.9775,0.978,0.98595,0.98635,3,1,7,8
0,0.97835,0.97875,0.978,0.9772,0.9857,0.986,1,4,8,3
0,0.9775,0.97875,0.9772,0.97835,0.98645,0.98655,7,4,3,1
0,0.97875,0.9772,0.9748,0.97835,0.98625,0.9864,4,3,5,6
0,0.97835,0.978,0.9775,0.9791,0.98665,0.9866,6,8,7,2
0,0.9772,0.97835,0.97875,0.978,0.98615,0.98615,3,6,4,8
0,0.9748,0.978,0.97835,0.97835,0.98625,0.9863,5,8,6,1
