,acc_1,acc_2,after_mean_acc,before_mean_acc,model_id_1,model_id_2
0,0.983125,0.9832,0.987275,0.987425,2.0,8.0
1,0.9833,0.983525,0.987075,0.98725,3.0,7.0
2,0.983125,0.983525,0.987175,0.987275,2.0,7.0
3,0.983125,0.9832,0.987275,0.987425,2.0,8.0
4,0.9833,0.983525,0.987075,0.98725,3.0,7.0
5,0.9833,0.983525,0.987075,0.98725,3.0,7.0
6,0.9827,0.9833,0.9868,0.987,1.0,3.0
7,0.983125,0.98375,0.987225,0.9874,2.0,6.0
