,acc_1,acc_2,acc_3,acc_4,after_mean_acc,before_mean_acc,model_id_1,model_id_2,model_id_3,model_id_4
0,0.9827,0.9832,0.983525,0.9832,0.988525,0.9886,1.0,4.0,7.0,8.0
1,0.9827,0.983125,0.9833,0.983525,0.9882,0.9884,1.0,2.0,3.0,7.0
2,0.9827,0.9833,0.9832,0.9832,0.98845,0.98845,1.0,3.0,4.0,8.0
3,0.9827,0.983125,0.9833,0.983125,0.98825,0.98815,1.0,2.0,3.0,5.0
4,0.9833,0.9832,0.983125,0.9832,0.988275,0.9884,3.0,4.0,5.0,8.0
5,0.983125,0.9832,0.98375,0.983525,0.988375,0.98845,2.0,4.0,6.0,7.0
6,0.9827,0.983125,0.98375,0.9832,0.9883,0.9884,1.0,5.0,6.0,8.0
7,0.9827,0.98375,0.983525,0.9832,0.988525,0.988575,1.0,6.0,7.0,8.0
