{
    "2": {
        "0.0": [
            0.8286108912660206,
            0.006081981146942665
        ],
        "0.25": [
            0.8471374664055136,
            0.004261307964533302
        ],
        "0.5": [
            0.8807641075240704,
            0.006259333380750054
        ],
        "0.75": [
            0.9209345295017669,
            0.003214663958827003
        ],
        "1.0": [
            1.0,
            0.0
        ]
    },
    "3": {
        "0.0": [
            0.8279208643130476,
            0.007517347142424003
        ],
        "0.25": [
            0.8516376387346808,
            0.014569732079456107
        ],
        "0.5": [
            0.8826815328972637,
            0.005224794021125719
        ],
        "0.75": [
            0.9144315930328597,
            0.0021194752694471447
        ],
        "1.0": [
            1.0,
            0.0
        ]
    },
    "4": {
        "0.0": [
            0.8345321164206291,
            0.00844374366540817
        ],
        "0.25": [
            0.8515780365767871,
            0.006812500664620371
        ],
        "0.5": [
            0.8882010572411522,
            0.004419662000981117
        ],
        "0.75": [
            0.9104093465626105,
            0.005586151997678874
        ],
        "1.0": [
            1.0,
            5.551115123125783e-17
        ]
    },
    "5": {
        "0.0": [
            0.8266162645046105,
            0.00957161919178255
        ],
        "0.25": [
            0.8595869464759799,
            0.007740224564128228
        ],
        "0.5": [
            0.8902487100460206,
            0.009073060604438377
        ],
        "0.75": [
            0.9188968245360165,
            0.003443843604020333
        ],
        "1.0": [
            1.0,
            0.0
        ]
    },
    "6": {
        "0.0": [
            0.8291962959121658,
            0.005641339496048472
        ],
        "0.25": [
            0.8574789250788817,
            0.005954932675225091
        ],
        "0.5": [
            0.89504066575903,
            0.004442262841749676
        ],
        "0.75": [
            0.917530975868635,
            0.007750180442611118
        ],
        "1.0": [
            1.0,
            0.0
        ]
    }
}