{
    "2": {
        "0.0": [
            0.6204624999999999,
            0.008383046507684459
        ],
        "0.25": [
            0.6284125,
            0.007394370747399664
        ],
        "0.5": [
            0.619425,
            0.0033101170674161595
        ],
        "0.75": [
            0.603375,
            0.007745200126530005
        ],
        "1.0": [
            0.5516,
            0.01820494438332622
        ]
    },
    "3": {
        "0.0": [
            0.6188916666666667,
            0.025077960388002456
        ],
        "0.25": [
            0.6360666666666667,
            0.0045468548348159355
        ],
        "0.5": [
            0.6195833333333333,
            0.010191676887430124
        ],
        "0.75": [
            0.5964166666666666,
            0.0033577025875837843
        ],
        "1.0": [
            0.5487,
            0.019447621962594808
        ]
    }
}