{
    "2": {
        "0.0": [
            0.68775,
            0.004523411323326657
        ],
        "0.25": [
            0.622925,
            0.005416929480803681
        ],
        "0.5": [
            0.622275,
            0.007392098822391362
        ],
        "0.75": [
            0.6323875,
            0.003478752470354842
        ],
        "1.0": [
            0.5648500000000001,
            0.010999431803506949
        ]
    },
    "3": {
        "0.0": [
            0.6963666666666667,
            0.004428694314731249
        ],
        "0.25": [
            0.6380416666666666,
            0.0057062039824115444
        ],
        "0.5": [
            0.6355416666666667,
            0.00676540936595032
        ],
        "0.75": [
            0.64405,
            0.0025540273208318484
        ],
        "1.0": [
            0.5384,
            0.004335896677735774
        ]
    }
}