{
    "2": {
        "0.0": [
            0.8112625,
            0.003942140123080338
        ],
        "0.25": [
            0.8099874999999999,
            0.00350256602364611
        ],
        "0.5": [
            0.8119125,
            0.0034556792024144907
        ],
        "0.75": [
            0.8068625,
            0.003960961846572113
        ],
        "1.0": [
            0.8032,
            0.00410609303352957
        ]
    },
    "3": {
        "0.0": [
            0.8107,
            0.0025913317039699827
        ],
        "0.25": [
            0.8056,
            0.0028141507501277204
        ],
        "0.5": [
            0.8047333333333333,
            0.00278956388467201
        ],
        "0.75": [
            0.80275,
            0.0021543882864722263
        ],
        "1.0": [
            0.80225,
            0.0033893214660164787
        ]
    },
    "4": {
        "0.0": [
            0.8108312499999999,
            0.0020306537586452455
        ],
        "0.25": [
            0.8036375,
            0.0019250405839877792
        ],
        "0.5": [
            0.8057000000000001,
            0.004053123795296663
        ],
        "0.75": [
            0.80696875,
            0.0027202582023587497
        ],
        "1.0": [
            0.7975000000000001,
            0.002707397274136154
        ]
    },
    "5": {
        "0.0": [
            0.8109700000000001,
            0.0024566847579614763
        ],
        "0.25": [
            0.801565,
            0.0025897248888636796
        ],
        "0.5": [
            0.803545,
            0.002688917068263738
        ],
        "0.75": [
            0.8064800000000001,
            0.006505059569289089
        ],
        "1.0": [
            0.79975,
            0.0035591431553113973
        ]
    },
    "6": {
        "0.0": [
            0.8109916666666666,
            0.001353929466405113
        ],
        "0.25": [
            0.8031041666666667,
            0.0036500832372548787
        ],
        "0.5": [
            0.8048041666666667,
            0.003183930463192383
        ],
        "0.75": [
            0.8076208333333332,
            0.0026560302196657532
        ],
        "1.0": [
            0.7976000000000001,
            0.006136774397026499
        ]
    }
}