,acc_1,acc_2,acc_3,acc_4,acc_5,after_mean_acc,before_mean_acc,model_id_1,model_id_2,model_id_3,model_id_4,model_id_5
0,0.9836,0.98285,0.9829,0.984,0.9844,0.98815,0.988,8,1,6,3,4
0,0.98285,0.984,0.9836,0.9829,0.984,0.98795,0.9881,1,7,8,6,3
0,0.9836,0.9829,0.9844,0.9837,0.98365,0.98805,0.988,8,6,4,5,2
0,0.9829,0.984,0.9844,0.984,0.98365,0.988,0.98795,6,7,4,3,2
0,0.9829,0.984,0.9837,0.98285,0.9844,0.9881,0.9879,6,3,5,1,4
0,0.98285,0.9837,0.9829,0.984,0.98365,0.9879,0.988,1,5,6,7,2
0,0.98285,0.9837,0.9844,0.984,0.98365,0.98805,0.98815,1,5,4,3,2
0,0.98365,0.984,0.9844,0.9829,0.9836,0.98805,0.98805,2,7,4,6,8
