{
    "baseline": {
        "1.0": [
            0.9428999945521355,
            0.0026888698848459144
        ],
        "0.999": [
            0.9428500011563301,
            0.0011842636646003711
        ]
    },
    "vbranch": {
        "1.0": {
            "2": {
                "0": [
                    0.9482749998569489,
                    0.0013376827579563563
                ],
                "0.25": [
                    0.9478750005364418,
                    0.001224483721145481
                ],
                "0.5": [
                    0.9462874978780746,
                    0.0013923404843879433
                ],
                "0.75": [
                    0.9467999935150146,
                    0.001638596052941534
                ],
                "1": [
                    0.9433000162243843,
                    0.002302719338268467
                ]
            },
            "3": {
                "0": [
                    0.9492624923586845,
                    0.0009848143051100309
                ],
                "0.25": [
                    0.9484375044703484,
                    0.0011936716028817065
                ],
                "0.5": [
                    0.9482875019311905,
                    0.0013373766854423358
                ],
                "0.75": [
                    0.9463874995708466,
                    0.0018650852768757383
                ],
                "1": [
                    0.9447125047445297,
                    0.0016951734814216015
                ]
            },
            "4": {
                "0": [
                    0.9503374993801117,
                    0.001042753062805129
                ],
                "0.25": [
                    0.9492374882102013,
                    0.0005914740720213847
                ],
                "0.5": [
                    0.9478750079870224,
                    0.0007595208967626436
                ],
                "0.75": [
                    0.9471375048160553,
                    0.0016438825637560335
                ],
                "1": [
                    0.9456249997019768,
                    0.0011659211100590902
                ]
            }
        },
        "0.999": {
            "2": {
                "0": [
                    0.9580249935388565,
                    0.001163774994635252
                ],
                "0.25": [
                    0.9589875042438507,
                    0.0012613919188677468
                ],
                "0.5": [
                    0.958812490105629,
                    0.0018731284107524762
                ],
                "0.75": [
                    0.9597499966621399,
                    0.0015524139926719515
                ],
                "1": [
                    0.9603499993681908,
                    0.001438753874506741
                ]
            },
            "3": {
                "0": [
                    0.9600250124931335,
                    0.00154333942920518
                ],
                "0.25": [
                    0.9616874977946281,
                    0.0010421635935371626
                ],
                "0.5": [
                    0.9625624939799309,
                    0.0006556293726687453
                ],
                "0.75": [
                    0.9651124998927116,
                    0.0018731094673153951
                ],
                "1": [
                    0.9644249975681305,
                    0.0016865237422642341
                ]
            },
            "4": {
                "0": [
                    0.961887501180172,
                    0.0008709678106927456
                ],
                "0.25": [
                    0.9634125009179115,
                    0.0012810411297331146
                ],
                "0.5": [
                    0.9656499922275543,
                    0.0006225013285024075
                ],
                "0.75": [
                    0.9681499972939491,
                    0.0015280665595710516
                ],
                "1": [
                    0.9686625003814697,
                    0.0013855903596241804
                ]
            }
        }
    }
}