,acc_1,acc_2,acc_3,acc_4,acc_5,after_mean_acc,before_mean_acc,model_id_1,model_id_2,model_id_3,model_id_4,model_id_5
0,0.989125,0.99025,0.989125,0.989,0.989875,0.99075,0.99075,1.0,2.0,6.0,7.0,8.0
1,0.989125,0.99025,0.990625,0.99075,0.989875,0.991125,0.991125,1.0,2.0,3.0,4.0,8.0
2,0.989125,0.99075,0.989875,0.989125,0.989875,0.991,0.990875,1.0,4.0,5.0,6.0,8.0
3,0.99025,0.990625,0.99075,0.989875,0.989,0.991,0.991,2.0,3.0,4.0,5.0,7.0
4,0.99075,0.989875,0.989125,0.989,0.989875,0.991,0.991,4.0,5.0,6.0,7.0,8.0
5,0.99075,0.989875,0.989125,0.989,0.989875,0.991,0.991,4.0,5.0,6.0,7.0,8.0
6,0.99025,0.990625,0.99075,0.989,0.989875,0.991125,0.991125,2.0,3.0,4.0,7.0,8.0
7,0.989125,0.990625,0.99075,0.989875,0.989125,0.990875,0.990875,1.0,3.0,4.0,5.0,6.0
