,acc_1,acc_2,acc_3,after_mean_acc,before_mean_acc,model_id_1,model_id_2,model_id_3
0,0.92365,0.92585,0.92675,0.9759,0.9793,2,4,7
0,0.92885,0.92585,0.92485,0.97535,0.97935,1,3,8
0,0.92585,0.9242,0.92675,0.97515,0.978,3,6,7
0,0.9259,0.92675,0.92365,0.9762,0.97975,5,7,2
0,0.92585,0.92885,0.92365,0.9754,0.97875,3,1,2
0,0.9242,0.92585,0.9259,0.9744,0.97855,6,3,5
0,0.9259,0.92485,0.92365,0.9754,0.9792,5,8,2
0,0.92365,0.92675,0.92485,0.9752,0.97995,2,7,8
