,acc_1,acc_2,acc_3,after_mean_acc,before_mean_acc,model_id_1,model_id_2,model_id_3
0,0.945325,0.943675,0.949925,0.9776,0.97895,2.0,4.0,8.0
1,0.9506,0.945675,0.949925,0.9776,0.979,1.0,5.0,8.0
2,0.9506,0.94935,0.946625,0.978275,0.97985,1.0,3.0,7.0
3,0.9506,0.943675,0.951625,0.97815,0.979925,1.0,4.0,6.0
4,0.945325,0.943675,0.949925,0.9776,0.97895,2.0,4.0,8.0
5,0.9506,0.94935,0.945675,0.978,0.9794,1.0,3.0,5.0
6,0.94935,0.946625,0.949925,0.9773,0.979075,3.0,7.0,8.0
7,0.945675,0.951625,0.946625,0.9777,0.9795,5.0,6.0,7.0
