,acc_1,acc_2,acc_3,after_mean_acc,before_mean_acc,model_id_1,model_id_2,model_id_3
0,0.9875,0.988,0.988125,0.989,0.989,2.0,3.0,4.0
1,0.987375,0.988125,0.988,0.98925,0.989375,1.0,4.0,8.0
2,0.988125,0.9885,0.988,0.98975,0.98975,4.0,6.0,8.0
3,0.9875,0.9885,0.98875,0.989125,0.98925,2.0,6.0,7.0
4,0.987375,0.9875,0.98875,0.989125,0.98925,1.0,2.0,7.0
5,0.987375,0.9885,0.988,0.989125,0.989125,1.0,6.0,8.0
6,0.988,0.9885,0.98875,0.9895,0.9895,3.0,6.0,7.0
7,0.987375,0.9875,0.988,0.989,0.98925,1.0,2.0,3.0
