,acc_1,acc_2,acc_3,acc_4,acc_5,after_mean_acc,before_mean_acc,model_id_1,model_id_2,model_id_3,model_id_4,model_id_5
0,0.988,0.988125,0.9885,0.98875,0.988,0.9895,0.9895,3.0,4.0,6.0,7.0,8.0
1,0.987375,0.9875,0.988125,0.988375,0.988,0.989375,0.989375,1.0,2.0,4.0,5.0,8.0
2,0.987375,0.9875,0.988125,0.988375,0.98875,0.989375,0.98925,1.0,2.0,4.0,5.0,7.0
3,0.987375,0.9875,0.9885,0.98875,0.988,0.9895,0.989625,1.0,2.0,6.0,7.0,8.0
4,0.987375,0.9875,0.988125,0.9885,0.98875,0.989375,0.989375,1.0,2.0,4.0,6.0,7.0
5,0.987375,0.988,0.988125,0.9885,0.988,0.9895,0.9895,1.0,3.0,4.0,6.0,8.0
6,0.9875,0.988,0.988375,0.98875,0.988,0.98925,0.989125,2.0,3.0,5.0,7.0,8.0
7,0.987375,0.9875,0.988375,0.9885,0.98875,0.98925,0.989125,1.0,2.0,5.0,6.0,7.0
