{
    "baseline": [
        0.9474999999999999,
        0.004677071733467416
    ],
    "vbranch": {
        "2": {
            "0": [
                0.9612499999999999,
                0.004145780987944278
            ],
            "0.25": [
                0.956875,
                0.0044633927678392055
            ],
            "0.5": [
                0.956875,
                0.004463392767839276
            ],
            "0.75": [
                0.949375,
                0.002724311839712933
            ],
            "1": [
                0.92625,
                0.012437342963832719
            ]
        },
        "3": {
            "0": [
                0.9762500000000001,
                0.005728219618694799
            ],
            "0.25": [
                0.965625,
                0.006218671481916434
            ],
            "0.5": [
                0.96,
                0.007288689868556651
            ],
            "0.75": [
                0.9562499999999998,
                0.00892678553567869
            ],
            "1": [
                0.9256250000000001,
                0.011507470399701122
            ]
        }
    }
}