{
    "2": {
        "0.0": [
            0.5998125,
            0.0034180358029136976
        ],
        "0.25": [
            0.5441250000000001,
            0.006409806939370336
        ],
        "0.5": [
            0.5271375,
            0.007098096135584494
        ],
        "0.75": [
            0.548275,
            0.0074791794336010005
        ],
        "1.0": [
            0.51605,
            0.010669934395299728
        ]
    },
    "3": {
        "0.0": [
            0.6090083333333334,
            0.002800334801412164
        ],
        "0.25": [
            0.5450916666666666,
            0.003259888801784562
        ],
        "0.5": [
            0.5429583333333334,
            0.0047844293169498715
        ],
        "0.75": [
            0.568575,
            0.005324126167216916
        ],
        "1.0": [
            0.5201500000000001,
            0.013057086198689194
        ]
    }
}