{
    "baseline": {
        "0.9999": [
            0.942674994468689,
            0.0030235654669163764
        ],
        "0.9": [
            0.9431250095367432,
            0.002254295440417378
        ],
        "0.6": [
            0.9430999979376793,
            0.0010920271226248642
        ],
        "0.95": [
            0.9437000006437302,
            0.002100006810324116
        ],
        "0.8": [
            0.9435874968767166,
            0.0016104650545561493
        ],
        "0.4": [
            0.9422499984502792,
            0.0030777481782371893
        ],
        "1.0": [
            0.942487508058548,
            0.0009967898922618812
        ],
        "0.999": [
            0.9432250037789345,
            0.0016701444399502422
        ]
    },
    "vbranch": {
        "0.9999": {
            "2": {
                "0": [
                    0.9568749964237213,
                    0.000943069240403366
                ],
                "0.25": [
                    0.9575249925255775,
                    0.0009496730478064093
                ],
                "0.5": [
                    0.9582249894738197,
                    0.0013016742332006526
                ],
                "0.75": [
                    0.9586500003933907,
                    0.0019274361958617372
                ],
                "1": [
                    0.9591624960303307,
                    0.0016903662860803632
                ]
            },
            "3": {
                "0": [
                    0.959712490439415,
                    0.0007991236197160239
                ],
                "0.25": [
                    0.9609625041484833,
                    0.0014755699839519056
                ],
                "0.5": [
                    0.9635375142097473,
                    0.000915066715052397
                ],
                "0.75": [
                    0.9649624973535538,
                    0.00046080738076016676
                ],
                "1": [
                    0.9645500034093857,
                    0.0012379354116474925
                ]
            },
            "4": {
                "0": [
                    0.9614125043153763,
                    0.0015632016245874904
                ],
                "0.25": [
                    0.9629625082015991,
                    0.0009040762503057916
                ],
                "0.5": [
                    0.963175006210804,
                    0.000703108897259867
                ],
                "0.75": [
                    0.9669750034809113,
                    0.0010046860632303047
                ],
                "1": [
                    0.9676000028848648,
                    0.002182884671194857
                ]
            }
        },
        "0.9": {
            "2": {
                "0": [
                    0.9571124911308289,
                    0.0014330464929370415
                ],
                "0.25": [
                    0.957237496972084,
                    0.001538629225247889
                ],
                "0.5": [
                    0.9585874974727631,
                    0.0005395297796106777
                ],
                "0.75": [
                    0.9601875022053719,
                    0.0010611754197417177
                ],
                "1": [
                    0.959012508392334,
                    0.0015925101780117337
                ]
            },
            "3": {
                "0": [
                    0.959987498819828,
                    0.0009980503575214997
                ],
                "0.25": [
                    0.9600124955177307,
                    0.0015632003138688491
                ],
                "0.5": [
                    0.9618749991059303,
                    0.0015409070307524529
                ],
                "0.75": [
                    0.9647000059485435,
                    0.0010049838162552698
                ],
                "1": [
                    0.9652374908328056,
                    0.0012246805761854387
                ]
            },
            "4": {
                "0": [
                    0.9615750014781952,
                    0.0011008539115893103
                ],
                "0.25": [
                    0.9628249928355217,
                    0.0007933272855253991
                ],
                "0.5": [
                    0.964525006711483,
                    0.0008856410213271765
                ],
                "0.75": [
                    0.9665124863386154,
                    0.0009662241849190328
                ],
                "1": [
                    0.9680374935269356,
                    0.0014915849650799084
                ]
            }
        },
        "0.6": {
            "2": {
                "0": [
                    0.9574124962091446,
                    0.0015406520924987795
                ],
                "0.25": [
                    0.958050012588501,
                    0.0015074843735259796
                ],
                "0.5": [
                    0.9588875100016594,
                    0.0012514363323712144
                ],
                "0.75": [
                    0.959475003182888,
                    0.0014131095911315739
                ],
                "1": [
                    0.9596250057220459,
                    0.0017690102638843854
                ]
            },
            "3": {
                "0": [
                    0.959599994122982,
                    0.0011968721942875974
                ],
                "0.25": [
                    0.9602374956011772,
                    0.0012185335959615236
                ],
                "0.5": [
                    0.9623125046491623,
                    0.001131860917200778
                ],
                "0.75": [
                    0.9642750024795532,
                    0.001497283400480069
                ],
                "1": [
                    0.9644874930381775,
                    0.0016833223554047951
                ]
            },
            "4": {
                "0": [
                    0.961262509226799,
                    0.0007313190401450424
                ],
                "0.25": [
                    0.9625874981284142,
                    0.0006808819808849989
                ],
                "0.5": [
                    0.9646000042557716,
                    0.0010665352936284262
                ],
                "0.75": [
                    0.9666624963283539,
                    0.001477281991114401
                ],
                "1": [
                    0.9672499969601631,
                    0.0013304149897885482
                ]
            }
        },
        "0.95": {
            "2": {
                "0": [
                    0.9566249996423721,
                    0.0009188927645751811
                ],
                "0.25": [
                    0.9568499997258186,
                    0.0019274377421030567
                ],
                "0.5": [
                    0.9586125090718269,
                    0.002060002012361292
                ],
                "0.75": [
                    0.9598374962806702,
                    0.0017585080099514641
                ],
                "1": [
                    0.9588999897241592,
                    0.0017507199435890667
                ]
            },
            "3": {
                "0": [
                    0.9597625061869621,
                    0.0008943477682089148
                ],
                "0.25": [
                    0.9615749940276146,
                    0.0009024306903603751
                ],
                "0.5": [
                    0.962362490594387,
                    0.0010391570109016428
                ],