{
    "loss": [
        874.7178344726562,
        586.801025390625,
        310.24334716796875,
        57.7609748840332,
        147.6729278564453,
        94.18733978271484,
        77.81116485595703,
        63.97843551635742,
        45.37191390991211,
        78.4273910522461
    ],
    "mAP": [
        0.39955256383955706
    ],
    "rank1": [
        0.6140142679214478
    ],
    "rank5": [
        0.8236342072486877
    ]
}