{
    "2": {
        "0.0": [
            0.40765040900935906,
            0.028999802475358875
        ],
        "0.25": [
            0.6434964299041125,
            0.07521727589170889
        ],
        "0.5": [
            0.8229978134592653,
            0.013867965247956785
        ],
        "0.75": [
            0.894338604865799,
            0.01101864443703832
        ],
        "1.0": [
            1.0,
            0.0
        ]
    },
    "3": {
        "0.0": [
            0.4318976434874754,
            0.08254230765239802
        ],
        "0.25": [
            0.7628793007059497,
            0.01961458876387273
        ],
        "0.5": [
            0.856642857532727,
            0.007259099432387509
        ],
        "0.75": [
            0.9095008156634871,
            0.0083783051611517
        ],
        "1.0": [
            1.0,
            7.850462293418876e-17
        ]
    }
}