{
    "2": {
        "0.0": [
            0.7377460006156114,
            0.010883427889875922
        ],
        "0.25": [
            0.7859143245718164,
            0.008415098580972726
        ],
        "0.5": [
            0.8351151862438603,
            0.009657955517211304
        ],
        "0.75": [
            0.8776573079888077,
            0.006215782670189387
        ],
        "1.0": [
            1.0,
            7.850462293418876e-17
        ]
    },
    "3": {
        "0.0": [
            0.7459682745562167,
            0.00409727430688848
        ],
        "0.25": [
            0.8012793496212132,
            0.004286994937621784
        ],
        "0.5": [
            0.8467048925411726,
            0.00578527521997155
        ],
        "0.75": [
            0.8898416176548867,
            0.005554410409684855
        ],
        "1.0": [
            1.0,
            5.551115123125783e-17
        ]
    },
    "4": {
        "0.0": [
            0.7521960586029918,
            0.004072906803172903
        ],
        "0.25": [
            0.8204356477337347,
            0.009020658430031555
        ],
        "0.5": [
            0.8545483422921666,
            0.011440443637870576
        ],
        "0.75": [
            0.8907093613992868,
            0.005959840169179872
        ],
        "1.0": [
            1.0,
            0.0
        ]
    },
    "5": {
        "0.0": [
            0.7464379059760078,
            0.009413406868174438
        ],
        "0.25": [
            0.82283826412131,
            0.008789665201205358
        ],
        "0.5": [
            0.858520842186379,
            0.005483869840566182
        ],
        "0.75": [
            0.8902195753589921,
            0.005652344663082348
        ],
        "1.0": [
            1.0,
            0.0
        ]
    },
    "6": {
        "0.0": [
            0.7417378912940135,
            0.005728511076049741
        ],
        "0.25": [
            0.8251629841631016,
            0.013964916523524702
        ],
        "0.5": [
            0.8632566970947093,
            0.010278418700351831
        ],
        "0.75": [
            0.8911172622297852,
            0.0036732852029506694
        ],
        "1.0": [
            1.0,
            0.0
        ]
    }
}