{
    "2": {
        "0.0": [
            0.6653302841428766,
            0.021840522838764177
        ],
        "0.25": [
            0.7316426928735467,
            0.005279141300908598
        ],
        "0.5": [
            0.7917290910552852,
            0.0059995402004785125
        ],
        "0.75": [
            0.842686421351422,
            0.010003677241684784
        ],
        "1.0": [
            1.0,
            7.850462293418876e-17
        ]
    },
    "3": {
        "0.0": [
            0.6779133890709703,
            0.01285345184331471
        ],
        "0.25": [
            0.75328351815243,
            0.010114798111735393
        ],
        "0.5": [
            0.7955189768058042,
            0.00502580109118893
        ],
        "0.75": [
            0.8556071738040718,
            0.009378776269615093
        ],
        "1.0": [
            0.9999999999999998,
            1.7554167342883506e-16
        ]
    },
    "4": {
        "0.0": [
            0.6871165610652075,
            0.01890793091213538
        ],
        "0.25": [
            0.7658471143122607,
            0.0055147206484822036
        ],
        "0.5": [
            0.811593859590485,
            0.0033215759041831066
        ],
        "0.75": [
            0.8581889466771452,
            0.008817602616055832
        ],
        "1.0": [
            1.0,
            5.551115123125783e-17
        ]
    },
    "5": {
        "0.0": [
            0.6672619925495711,
            0.0182456123991778
        ],
        "0.25": [
            0.7786149233327229,
            0.012283831599957827
        ],
        "0.5": [
            0.82256232720052,
            0.010052666406521691
        ],
        "0.75": [
            0.8692356325020512,
            0.011217731303071014
        ],
        "1.0": [
            1.0,
            0.0
        ]
    },
    "6": {
        "0.0": [
            0.6800059150058045,
            0.02048957271496539
        ],
        "0.25": [
            0.787088982273428,
            0.01061524016699691
        ],
        "0.5": [
            0.8202378151632684,
            0.0023375446300249857
        ],
        "0.75": [
            0.8667490806831027,
            0.01074474227560631
        ],
        "1.0": [
            1.0,
            7.850462293418876e-17
        ]
    }
}