{
    "2": {
        "0.0": [
            0.7475846553854927,
            0.007989570856460178
        ],
        "0.25": [
            0.7721870864659902,
            0.0060932474274469324
        ],
        "0.5": [
            0.8021596669288763,
            0.006283902584393063
        ],
        "0.75": [
            0.8425725152554804,
            0.007822959336633257
        ],
        "1.0": [
            1.0,
            7.850462293418876e-17
        ]
    },
    "3": {
        "0.0": [
            0.7531990159190718,
            0.005108204855330565
        ],
        "0.25": [
            0.7797370001236219,
            0.006109686824916075
        ],
        "0.5": [
            0.7990355469735342,
            0.007576033199797443
        ],
        "0.75": [
            0.8564514347528239,
            0.007498216067580042
        ],
        "1.0": [
            1.0,
            5.551115123125783e-17
        ]
    },
    "4": {
        "0.0": [
            0.7464948139106877,
            0.012681462161345355
        ],
        "0.25": [
            0.7853739552244927,
            0.008656770115116898
        ],
        "0.5": [
            0.8103595001183063,
            0.010772723772241704
        ],
        "0.75": [
            0.8612688764859177,
            0.008940876251309597
        ],
        "1.0": [
            1.0,
            9.614813431917819e-17
        ]
    },
    "5": {
        "0.0": [
            0.7485784097031026,
            0.01344842508742696
        ],
        "0.25": [
            0.7877250391929014,
            0.0071440367121830255
        ],
        "0.5": [
            0.8107064875020094,
            0.01591450245333795
        ],
        "0.75": [
            0.86685333221955,
            0.0026082300426742678
        ],
        "1.0": [
            1.0,
            0.0
        ]
    },
    "6": {
        "0.0": [
            0.7567060296434371,
            0.009843816212258568
        ],
        "0.25": [
            0.7818181736271247,
            0.005377883907592321
        ],
        "0.5": [
            0.8239396860558612,
            0.008006037042192502
        ],
        "0.75": [
            0.8563140324250973,
            0.0029243678055298353
        ],
        "1.0": [
            0.9999999999999999,
            1.4686870114880517e-16
        ]
    }
}