{
    "2": {
        "0.0": [
            0.8111125,
            0.0012315513590589985
        ],
        "0.25": [
            0.8112125,
            0.004037848282191897
        ],
        "0.5": [
            0.806025,
            0.0009711462299777633
        ],
        "0.75": [
            0.8073,
            0.002635573941288703
        ],
        "1.0": [
            0.7965,
            0.0036124783736376977
        ]
    },
    "3": {
        "0.0": [
            0.8116083333333334,
            0.0017697104282904264
        ],
        "0.25": [
            0.8099333333333334,
            0.0016338434577537115
        ],
        "0.5": [
            0.8087083333333334,
            0.0015773351296129387
        ],
        "0.75": [
            0.8112166666666667,
            0.001931105037709389
        ],
        "1.0": [
            0.8045499999999999,
            0.0035563323804166797
        ]
    },
    "4": {
        "0.0": [
            0.8119812500000001,
            0.0020848692255151045
        ],
        "0.25": [
            0.812,
            0.002172052600652207
        ],
        "0.5": [
            0.8096625,
            0.002377005732008235
        ],
        "0.75": [
            0.8105249999999999,
            0.002822952798046749
        ],
        "1.0": [
            0.8029,
            0.004836320915737495
        ]
    },
    "5": {
        "0.0": [
            0.81452,
            0.0005003998401279023
        ],
        "0.25": [
            0.8119799999999999,
            0.0025483720293552623
        ],
        "0.5": [
            0.8091999999999999,
            0.0020727276714512864
        ],
        "0.75": [
            0.805505,
            0.0009930130915551676
        ],
        "1.0": [
            0.8001,
            0.00347706773014273
        ]
    },
    "6": {
        "0.0": [
            0.8139708333333334,
            0.00296917906256183
        ],
        "0.25": [
            0.8123541666666667,
            0.00150223791391376
        ],
        "0.5": [
            0.8084708333333334,
            0.0014202100294596538
        ],
        "0.75": [
            0.8083833333333333,
            0.0019134393118152742
        ],
        "1.0": [
            0.8057,
            0.005588380803059181
        ]
    }
}