{
    "2": {
        "0.0": [
            0.8091625,
            0.001694614631708367
        ],
        "0.25": [
            0.8099875,
            0.0017166009291620233
        ],
        "0.5": [
            0.8077375000000001,
            0.002198117091967586
        ],
        "0.75": [
            0.8050125,
            0.002685464345322766
        ],
        "1.0": [
            0.8032,
            0.002424871130596447
        ]
    },
    "3": {
        "0.0": [
            0.8135583333333333,
            0.0022528223039852665
        ],
        "0.25": [
            0.8103249999999999,
            0.0013512083069937419
        ],
        "0.5": [
            0.8113333333333334,
            0.004471949612119188
        ],
        "0.75": [
            0.8060083333333333,
            0.00231088907854389
        ],
        "1.0": [
            0.80105,
            0.0021971572542720174
        ]
    },
    "4": {
        "0.0": [
            0.8137000000000001,
            0.0016223054582907475
        ],
        "0.25": [
            0.81470625,
            0.0032201210672116037
        ],
        "0.5": [
            0.8086937500000001,
            0.001332804257008473
        ],
        "0.75": [
            0.8081875,
            0.0007702475251501717
        ],
        "1.0": [
            0.80285,
            0.002673480877058972
        ]
    },
    "5": {
        "0.0": [
            0.81572,
            0.0011006361796706266
        ],
        "0.25": [
            0.8095249999999999,
            0.00191114494479096
        ],
        "0.5": [
            0.80621,
            0.0007010706098532879
        ],
        "0.75": [
            0.80573,
            0.0019682733549992253
        ],
        "1.0": [
            0.80055,
            0.002717995584985364
        ]
    },
    "6": {
        "0.0": [
            0.8150958333333332,
            0.0010047370440955205
        ],
        "0.25": [
            0.8106125,
            0.0013710486153143716
        ],
        "0.5": [
            0.807775,
            0.0011507545833543686
        ],
        "0.75": [
            0.8065,
            0.002330265840819167
        ],
        "1.0": [
            0.80385,
            0.0003840572873934387
        ]
    }
}