{
    "2": {
        "0.0": [
            0.7964875,
            0.003046796473347052
        ],
        "0.25": [
            0.7944125,
            0.002101301679911739
        ],
        "0.5": [
            0.7916625,
            0.0008798970110188959
        ],
        "0.75": [
            0.7901125,
            0.0027086378033986196
        ],
        "1.0": [
            0.7889,
            0.0026851443164195125
        ]
    },
    "3": {
        "0.0": [
            0.7965,
            0.002708525634198653
        ],
        "0.25": [
            0.7942583333333334,
            0.0011896252911456663
        ],
        "0.5": [
            0.7916583333333334,
            0.0029887172090306215
        ],
        "0.75": [
            0.7904416666666667,
            0.0021073120055864814
        ],
        "1.0": [
            0.7871000000000001,
            0.0022113344387495668
        ]
    },
    "4": {
        "0.0": [
            0.8002875,
            0.00024270609798684114
        ],
        "0.25": [
            0.7945749999999999,
            0.003580459118604746
        ],
        "0.5": [
            0.7912312499999999,
            0.0025786003349685485
        ],
        "0.75": [
            0.7900499999999999,
            0.002257349109021456
        ],
        "1.0": [
            0.78555,
            0.001061838029079771
        ]
    },
    "5": {
        "0.0": [
            0.79808,
            0.0010427847332983603
        ],
        "0.25": [
            0.793465,
            0.003082576033125529
        ],
        "0.5": [
            0.7930349999999999,
            0.0022884219453588495
        ],
        "0.75": [
            0.791365,
            0.0027834645677644455
        ],
        "1.0": [
            0.7854,
            0.0007211102550927955
        ]
    },
    "6": {
        "0.0": [
            0.8000291666666666,
            0.0020159563142863597
        ],
        "0.25": [
            0.7933874999999999,
            0.0012897229999758104
        ],
        "0.5": [
            0.7911958333333333,
            0.0006637828250933204
        ],
        "0.75": [
            0.7866625,
            0.0030376428864426564
        ],
        "1.0": [
            0.7824,
            0.001737814719698293
        ]
    }
}