,acc_1,acc_2,after_mean_acc,before_mean_acc,model_id_1,model_id_2
0,0.912525,0.9117,0.95855,0.964825,6,2
0,0.912725,0.9138,0.9592,0.966025,7,8
0,0.9138,0.909475,0.95875,0.9654,8,3
0,0.9117,0.912725,0.959025,0.96585,2,7
0,0.912725,0.9117,0.959025,0.96585,7,2
0,0.9117,0.9138,0.957675,0.96405,2,8
0,0.909775,0.9123,0.958525,0.96555,1,4
0,0.9123,0.9138,0.9593,0.96565,4,8
