,acc_1,acc_2,after_mean_acc,before_mean_acc,model_id_1,model_id_2
0,0.93635,0.9402,0.97005,0.97345,1,8
0,0.9385,0.94055,0.9708,0.974,6,3
0,0.94005,0.9404,0.97005,0.9732,4,7
0,0.9418,0.93675,0.97175,0.9745,5,2
0,0.9418,0.93675,0.97175,0.9745,5,2
0,0.94005,0.9418,0.9703,0.9743,4,5
0,0.9402,0.93635,0.97005,0.97345,8,1
0,0.93675,0.94055,0.9702,0.97435,2,3
