,acc_1,acc_2,acc_3,acc_4,acc_5,acc_6,after_mean_acc,before_mean_acc,model_id_1,model_id_2,model_id_3,model_id_4,model_id_5,model_id_6
0,0.38115,0.394625,0.3916,0.38625,0.38875,0.3914,0.730925,0.802025,4,6,7,3,5,8
0,0.38115,0.3914,0.394625,0.38625,0.38975,0.3916,0.72895,0.7994,4,8,6,3,1,7
0,0.3914,0.394625,0.3916,0.38875,0.377075,0.38975,0.7289,0.80145,8,6,7,5,2,1
0,0.38115,0.3914,0.3916,0.394625,0.377075,0.38875,0.726675,0.799425,4,8,7,6,2,5
0,0.38875,0.38625,0.38975,0.3916,0.3914,0.394625,0.73335,0.803075,5,3,1,7,8,6
0,0.38625,0.38975,0.38875,0.38115,0.394625,0.377075,0.7256,0.798125,3,1,5,4,6,2
0,0.38625,0.38875,0.3916,0.38115,0.377075,0.38975,0.72665,0.799025,3,5,7,4,2,1
0,0.38875,0.394625,0.38625,0.38975,0.3916,0.38115,0.7295,0.80165,5,6,3,1,7,4
