{
    "baseline": [
        0.9225,
        0.010307764064044201
    ],
    "vbranch": {
        "2": {
            "0": [
                0.9431249999999998,
                0.005115845482420183
            ],
            "0.25": [
                0.9437499999999999,
                0.010231690964840405
            ],
            "0.5": [
                0.93875,
                0.008003905296791033
            ],
            "0.75": [
                0.9324999999999999,
                0.005303300858899033
            ],
            "1": [
                0.931875,
                0.01279343093153667
            ]
        },
        "3": {
            "0": [
                0.95,
                0.004677071733467386
            ],
            "0.25": [
                0.9549999999999998,
                0.006846531968814654
            ],
            "0.5": [
                0.94625,
                0.006731456008918095
            ],
            "0.75": [
                0.9387499999999999,
                0.006731456008918116
            ],
            "1": [
                0.936875,
                0.005115845482420263
            ]
        },
        "4": {
            "0": [
                0.9468749999999999,
                0.001082531754730509
            ],
            "0.25": [
                0.9512499999999999,
                0.010825317547305563
            ],
            "0.5": [
                0.9468749999999998,
                0.004098399077688714
            ],
            "0.75": [
                0.9418749999999999,
                0.005694020986965129
            ],
            "1": [
                0.938125,
                0.012167451458707344
            ]
        }
    }
}