,acc_1,acc_2,acc_3,before_mean_acc,after_mean_acc
0,0.625725,0.619075,0.62025,0.816725,0.793125
