,acc_1,acc_2,acc_3,acc_4,after_mean_acc,before_mean_acc,model_id_1,model_id_2,model_id_3,model_id_4
0,0.90675,0.9129,0.9171,0.9158,0.97745,0.9813,7,5,8,4
0,0.9158,0.9098,0.9129,0.91735,0.97795,0.9807,4,6,5,3
0,0.90675,0.9129,0.9088,0.9098,0.97605,0.9798,7,5,2,6
0,0.9098,0.91735,0.9158,0.9129,0.97795,0.9807,6,3,4,5
0,0.9129,0.9158,0.90675,0.9098,0.97715,0.981,5,4,7,6
0,0.91735,0.9098,0.9088,0.91205,0.9761,0.98,3,6,2,1
0,0.9088,0.9129,0.90675,0.91205,0.9764,0.97955,2,5,7,1
0,0.9098,0.9129,0.90675,0.91205,0.9768,0.98055,6,5,7,1
