,acc_1,acc_2,acc_3,acc_4,acc_5,after_mean_acc,before_mean_acc,model_id_1,model_id_2,model_id_3,model_id_4,model_id_5
0,0.983225,0.983725,0.984525,0.984175,0.9844,0.989,0.9889,2,3,7,4,8
0,0.9844,0.984175,0.984525,0.9841,0.983825,0.989025,0.989025,8,4,7,6,1
0,0.9844,0.984575,0.983825,0.983225,0.9841,0.988825,0.98895,8,5,1,2,6
0,0.984175,0.983825,0.983725,0.984525,0.9844,0.988925,0.989,4,1,3,7,8
0,0.9844,0.9841,0.983825,0.983725,0.983225,0.988775,0.98895,8,6,1,3,2
0,0.983825,0.984175,0.9841,0.983725,0.9844,0.98895,0.989,1,4,6,3,8
0,0.984175,0.9841,0.984525,0.984575,0.983225,0.9889,0.98895,4,6,7,5,2
0,0.984525,0.984175,0.983725,0.983825,0.9844,0.988925,0.989,7,4,3,1,8
