,acc_1,acc_2,after_mean_acc,before_mean_acc,model_id_1,model_id_2
0,0.98715,0.98735,0.988,0.988,4,7
0,0.98545,0.9869,0.9877,0.98785,6,1
0,0.98705,0.98735,0.98765,0.98775,2,7
0,0.98735,0.98715,0.988,0.988,7,4
0,0.987,0.9869,0.98785,0.9879,8,1
0,0.98545,0.9867,0.98775,0.98775,6,5
0,0.98705,0.98705,0.98795,0.988,2,3
0,0.9869,0.98735,0.98795,0.98795,1,7
