,acc_1,acc_2,acc_3,acc_4,acc_5,after_mean_acc,before_mean_acc,model_id_1,model_id_2,model_id_3,model_id_4,model_id_5
0,0.9837,0.98275,0.98215,0.98295,0.983,0.98785,0.9879,2.0,3.0,5.0,6.0,7.0
1,0.983,0.9837,0.98275,0.98215,0.9825,0.9878,0.9879,1.0,2.0,3.0,5.0,8.0
2,0.9837,0.98275,0.98215,0.98295,0.983,0.98785,0.9879,2.0,3.0,5.0,6.0,7.0
3,0.9837,0.98275,0.98215,0.983,0.9825,0.98785,0.9879,2.0,3.0,5.0,7.0,8.0
4,0.9837,0.98275,0.98355,0.98295,0.983,0.98795,0.98795,2.0,3.0,4.0,6.0,7.0
5,0.983,0.9837,0.98355,0.98215,0.9825,0.9879,0.98795,1.0,2.0,4.0,5.0,8.0
6,0.983,0.98355,0.98295,0.983,0.9825,0.9878,0.98785,1.0,4.0,6.0,7.0,8.0
7,0.983,0.9837,0.98275,0.98295,0.983,0.98785,0.9879,1.0,2.0,3.0,6.0,7.0
