,acc_1,acc_2,acc_3,acc_4,acc_5,acc_6,after_mean_acc,before_mean_acc,model_id_1,model_id_2,model_id_3,model_id_4,model_id_5,model_id_6
0,0.983,0.9837,0.98275,0.98295,0.983,0.9825,0.988,0.98795,1.0,2.0,3.0,6.0,7.0,8.0
1,0.983,0.98355,0.98215,0.98295,0.983,0.9825,0.98785,0.98795,1.0,4.0,5.0,6.0,7.0,8.0
2,0.983,0.9837,0.98275,0.98215,0.98295,0.983,0.98795,0.98785,1.0,2.0,3.0,5.0,6.0,7.0
3,0.9837,0.98275,0.98215,0.98295,0.983,0.9825,0.98795,0.988,2.0,3.0,5.0,6.0,7.0,8.0
4,0.983,0.98275,0.98355,0.98215,0.98295,0.983,0.988,0.9879,1.0,3.0,4.0,5.0,6.0,7.0
5,0.983,0.9837,0.98355,0.98215,0.98295,0.9825,0.9881,0.98805,1.0,2.0,4.0,5.0,6.0,8.0
6,0.983,0.9837,0.98275,0.98355,0.98215,0.983,0.98785,0.98795,1.0,2.0,3.0,4.0,5.0,7.0
7,0.983,0.9837,0.98275,0.98355,0.98215,0.983,0.98785,0.98795,1.0,2.0,3.0,4.0,5.0,7.0
