,acc_1,acc_2,acc_3,acc_4,acc_5,acc_6,after_mean_acc,before_mean_acc,model_id_1,model_id_2,model_id_3,model_id_4,model_id_5,model_id_6
0,0.9867,0.9869,0.98735,0.98705,0.98715,0.98705,0.9883,0.98835,5,1,7,2,4,3
0,0.987,0.98715,0.98735,0.9867,0.98705,0.9869,0.9883,0.98825,8,4,7,5,2,1
0,0.98735,0.98705,0.98545,0.987,0.98715,0.9869,0.9881,0.98825,7,2,6,8,4,1
0,0.987,0.98705,0.98545,0.98715,0.9869,0.98735,0.9881,0.98825,8,2,6,4,1,7
0,0.98705,0.98545,0.987,0.9869,0.98705,0.98715,0.9883,0.9883,3,6,8,1,2,4
0,0.98705,0.98735,0.98545,0.9867,0.98715,0.9869,0.9883,0.9883,3,7,6,5,4,1
0,0.98705,0.98715,0.9869,0.98735,0.987,0.98545,0.9883,0.9883,3,4,1,7,8,6
0,0.9869,0.98715,0.98705,0.9867,0.987,0.98545,0.9882,0.98825,1,4,2,5,8,6
