{
    "vbranch": {
        "2": {
            "0": [
                0.7940914630889893,
                0.0013360977172851562
            ],
            "0.25": [
                0.7875593602657318,
                0.01232185959815979
            ],
            "0.5": [
                0.793497622013092,
                0.0028206706047058105
            ],
            "0.75": [
                0.7642517983913422,
                0.0038598477840423584
            ],
            "1": [
                0.7525237500667572,
                0.005195945501327515
            ]
        },
        "3": {
            "0": [
                0.8058194816112518,
                0.0014845430850982666
            ],
            "0.25": [
                0.8067102134227753,
                0.0008907616138458252
            ],
            "0.5": [
                0.79423987865448,
                0.0032660365104675293
            ],
            "0.75": [
                0.7639548480510712,
                0.005344420671463013
            ],
            "1": [
                0.7508907616138458,
                0.005344420671463013
            ]
        }
    }
}