{
    "baseline": [
        0.8299999999999998,
        0.0
    ],
    "vbranch": {
        "2": {
            "0": [
                0.8375,
                0.0
            ],
            "0.25": [
                0.825,
                0.0
            ],
            "0.5": [
                0.835,
                0.0
            ],
            "0.75": [
                0.8574999999999999,
                0.0
            ],
            "1": [
                0.85,
                0.0
            ]
        }
    }
}