,acc_1,acc_2,after_mean_acc,before_mean_acc,model_id_1,model_id_2
0,0.7685937,0.74360627,0.83924377,0.86265,3,6
0,0.74360627,0.7712875,0.84156877,0.8652,6,2
0,0.7685937,0.74360627,0.83924377,0.86265,3,6
0,0.7697,0.7712875,0.84938127,0.86613125,5,2
0,0.768025,0.7685937,0.84914374,0.8655813,7,3
0,0.7609063,0.77143127,0.8464062,0.8658125,1,4
