,acc_1,acc_2,acc_3,after_mean_acc,before_mean_acc,model_id_1,model_id_2,model_id_3
0,0.503025,0.478775,0.482025,0.70645,0.763375,5,2,8
0,0.495175,0.495825,0.5008,0.71465,0.77265,6,7,1
0,0.503025,0.4763,0.500125,0.710475,0.764475,5,3,4
0,0.482025,0.5008,0.503025,0.71175,0.7706,8,1,5
0,0.495175,0.4763,0.503025,0.708875,0.763875,6,3,5
0,0.500125,0.478775,0.495825,0.709775,0.766025,4,2,7
0,0.4763,0.500125,0.503025,0.710475,0.764475,3,4,5
0,0.495825,0.482025,0.5008,0.71285,0.771575,7,8,1
