,train_acc_1,train_acc_2,train_acc_ensemble,train_loss_1,train_loss_2,val_acc_1,val_acc_2,val_acc_ensemble,val_loss_1,val_loss_2
0,0.9375,0.8125,0.5,1.7615020275115967,2.0384719371795654,0.9714999794960022,0.963450014591217,0.9765999913215637,1.1341328620910645,1.1453192234039307
1,0.96875,0.96875,0.5625,1.1486694812774658,1.2673633098602295,0.9845499992370605,0.9834499955177307,0.9864500164985657,0.6760504841804504,0.6849150657653809
2,1.0,0.96875,0.4375,1.2398278713226318,0.880284309387207,0.9858499765396118,0.9849500060081482,0.9869499802589417,0.5065733194351196,0.5091215968132019
3,0.96875,1.0,0.6875,0.6109611988067627,0.6351009011268616,0.9853000044822693,0.9856500029563904,0.9865000247955322,0.4233206510543823,0.4188326299190521
4,0.9375,0.96875,0.25,1.0372430086135864,0.7287959456443787,0.9857000112533569,0.9855499863624573,0.9866499900817871,0.3704783320426941,0.36320504546165466
5,1.0,1.0,0.46875,0.5510342121124268,0.6043810844421387,0.9858499765396118,0.985450029373169,0.9865999817848206,0.33664777874946594,0.33303511142730713
6,1.0,1.0,0.40625,0.40247946977615356,0.4949600398540497,0.9854999780654907,0.9847999811172485,0.9864500164985657,0.3143882751464844,0.31351402401924133
7,1.0,1.0,0.46875,0.4993073046207428,0.5188144445419312,0.9850999712944031,0.9843999743461609,0.9861999750137329,0.29838827252388,0.29565802216529846
8,1.0,1.0,0.34375,0.632015585899353,0.4054853022098541,0.9850500226020813,0.9843999743461609,0.9861500263214111,0.2880721986293793,0.2861907184123993
9,0.96875,0.96875,0.53125,0.3862422704696655,0.6468604803085327,0.9848999977111816,0.9838500022888184,0.9857500195503235,0.2792587876319885,0.27690401673316956
10,0.96875,0.90625,0.78125,0.44514966011047363,0.7732329368591309,0.9844499826431274,0.983299970626831,0.9855499863624573,0.27372053265571594,0.2706541121006012
11,1.0,1.0,0.46875,0.2915979325771332,0.2513132691383362,0.9836999773979187,0.9832500219345093,0.9855499863624573,0.26846620440483093,0.26356732845306396
12,1.0,1.0,0.375,0.23222912847995758,0.17547018826007843,0.9836000204086304,0.9830999970436096,0.9855999946594238,0.2616262137889862,0.25965335965156555
13,1.0,1.0,0.4375,0.22747674584388733,0.23315395414829254,0.984000027179718,0.98294997215271,0.9853500127792358,0.25454434752464294,0.2547115087509155
14,1.0,1.0,0.53125,0.17647728323936462,0.3258431553840637,0.9829999804496765,0.9830999970436096,0.9853500127792358,0.25205937027931213,0.24759912490844727
