,acc_1,acc_2,acc_3,after_mean_acc,before_mean_acc,model_id_1,model_id_2,model_id_3
0,0.98795,0.98855,0.98785,0.9893,0.9891,3.0,4.0,7.0
1,0.98795,0.9878,0.98805,0.98925,0.9892,3.0,5.0,8.0
2,0.98795,0.98855,0.9878,0.98905,0.98895,3.0,4.0,5.0
3,0.98795,0.98855,0.98805,0.98905,0.989,2.0,4.0,8.0
4,0.9882,0.98795,0.98855,0.98895,0.98895,1.0,3.0,4.0
5,0.98795,0.98855,0.98785,0.9893,0.9891,3.0,4.0,7.0
6,0.98855,0.98825,0.98785,0.989,0.98895,4.0,6.0,7.0
7,0.9878,0.98785,0.98805,0.98925,0.98915,5.0,7.0,8.0
