,acc_1,acc_2,acc_3,after_mean_acc,before_mean_acc,model_id_1,model_id_2,model_id_3
0,0.9418,0.9402,0.94005,0.97815,0.98165,5,8,4
0,0.93675,0.9402,0.9404,0.97815,0.9813,2,8,7
0,0.93675,0.93635,0.94055,0.978,0.98045,2,1,3
0,0.9404,0.93675,0.94055,0.97795,0.9809,7,2,3
0,0.9404,0.9402,0.93675,0.97815,0.9813,7,8,2
0,0.94005,0.9404,0.94055,0.9784,0.9813,4,7,3
0,0.9385,0.9404,0.93635,0.9775,0.97955,6,7,1
0,0.9404,0.9402,0.9385,0.97785,0.9804,7,8,6
