{
    "2": {
        "0.0": [
            0.36010094733738046,
            0.011895864529592761
        ],
        "0.25": [
            0.33837613951916756,
            0.01586756361077638
        ],
        "0.5": [
            0.33813787101578674,
            0.01184986607456763
        ],
        "0.75": [
            0.4359980633356364,
            0.008430720329769131
        ],
        "1.0": [
            1.0,
            5.551115123125783e-17
        ]
    },
    "3": {
        "0.0": [
            0.37501258743265853,
            0.01599469656988975
        ],
        "0.25": [
            0.3338393776939182,
            0.011549473841303358
        ],
        "0.5": [
            0.3549232875246897,
            0.012087420039084047
        ],
        "0.75": [
            0.49867948829206366,
            0.008174128991562437
        ],
        "1.0": [
            1.0,
            5.551115123125783e-17
        ]
    }
}